titles,year,rating,duration (min),genre,description,directors,actors
1. Das Schweigen der Lämmer,1991,8.6,118,"['Crime', 'Drama', 'Thriller']","A young F.B.I. cadet must receive the help of an incarcerated and manipulative cannibal killer to help catch another serial killer, a madman who skins his victims.",['Jonathan Demme'],"['Jodie Foster', 'Anthony Hopkins', 'Scott Glenn', 'Ted Levine', 'Anthony Heald', 'Brooke Smith', 'Diane Baker', 'Kasi Lemmons', 'Charles Napier', 'Tracey Walter', 'Roger Corman', 'Ron Vawter', 'Danny Darst', 'Jeffrie Lane', 'Frankie Faison', 'Paul Lazar', 'Dan Butler', 'Chris Isaak']"
2. GoodFellas - Drei Jahrzehnte in der Mafia,1990,8.7,145,"['Biography', 'Crime', 'Drama']","The story of Henry Hill and his life in the mafia, covering his relationship with his wife Karen and his mob partners Jimmy Conway and Tommy DeVito.",['Martin Scorsese'],"['Robert De Niro', 'Ray Liotta', 'Joe Pesci', 'Lorraine Bracco', 'Paul Sorvino', 'Frank Sivero', 'Tony Darrow', 'Mike Starr', 'Frank Vincent', 'Chuck Low', 'Frank DiLeo', 'Henny Youngman', 'Gina Mastrogiacomo', 'Catherine Scorsese', 'Charles Scorsese', 'Suzanne Shepherd', 'Debi Mazar', 'Margo Winkler']"
3. Terminator 2: Tag der Abrechnung,1991,8.6,137,"['Action', 'Adventure', 'Sci-Fi']","A cyborg, identical to the one who failed to kill Sarah Connor, must now protect her ten year old son John from an even more advanced and powerful cyborg.",['James Cameron'],"['Arnold Schwarzenegger', 'Linda Hamilton', 'Edward Furlong', 'Robert Patrick', 'Earl Boen', 'Joe Morton', 'S. Epatha Merkerson', 'Castulo Guerra', 'Danny Cooksey', 'Jenette Goldstein', 'Xander Berkeley', 'Leslie Hamilton Gearren', 'Ken Gibbel', 'Robert Winley', 'Pete Schrum', 'Shane Wilder', 'Michael Edwards', 'Jared Lounsbery']"
4. Mein Vetter Winnie,1992,7.6,99,"['Comedy', 'Crime']","Two New Yorkers accused of murder in rural Alabama while on their way back to college call in the help of one of their cousins, a loudmouth lawyer with no trial experience.",['Jonathan Lynn'],"['Joe Pesci', 'Marisa Tomei', 'Ralph Macchio', 'Mitchell Whitfield', 'Fred Gwynne', 'Lane Smith', 'Austin Pendleton', 'Bruce McGill', 'Maury Chaykin', 'Paulene Myers', 'Raynor Scheine', 'James Rebhorn', 'Chris Ellis', 'Michael Simpson', 'Lou Walker', 'Kenny Jones', 'Thomas Merdis', 'J. Don Ferguson']"
5. Reservoir Dogs - Wilde Hunde,1992,8.3,130,"['Crime', 'Thriller']","When a simple jewelry heist goes horribly wrong, the surviving criminals begin to suspect that one of them is a police informant.",['Quentin Tarantino'],"['Harvey Keitel', 'Tim Roth', 'Michael Madsen', 'Chris Penn', 'Steve Buscemi', 'Lawrence Tierney', 'Randy Brooks', 'Kirk Baltz', 'Edward Bunker', 'Quentin Tarantino', 'Rich Turner', 'David Steen', 'Tony Cosmo', 'Stevo Polyi', 'Michael Sottile', 'Robert Ruth', 'Lawrence Bender', 'Linda Kaye']"
6. Grüne Tomaten,1991,7.7,162,['Drama'],"Evelyn, an ordinary housewife, visits a nursing home and befriends the old lady Ninny. Together, they bond over stories from the past about two intrepid women of Whistle Stop Cafe.",['Jon Avnet'],"['Kathy Bates', 'Jessica Tandy', 'Mary Stuart Masterson', 'Mary-Louise Parker', 'Cicely Tyson', ""Chris O'Donnell"", 'Stan Shaw', 'Gailard Sartain', 'Timothy Scott', 'Gary Basaraba', 'Lois Smith', 'Jo Harvey Allen', 'Macon McCalman', 'Richard Riehle', 'Raynor Scheine', 'Grace Zabriskie', 'Reid Binion', 'Afton Smith']"
7. Der Pate 3,1990,7.6,84,"['Crime', 'Drama']","Follows Michael Corleone, now in his 60s, as he seeks to free his family from crime and find a suitable successor to his empire.",['Francis Ford Coppola'],"['Al Pacino', 'Diane Keaton', 'Andy Garcia', 'Talia Shire', 'Eli Wallach', 'Joe Mantegna', 'George Hamilton', 'Bridget Fonda', 'Sofia Coppola', 'Raf Vallone', ""Franc D'Ambrosio"", 'Donal Donnelly', 'Richard Bright', 'Helmut Berger', 'Don Novello', 'John Savage', 'Franco Citti', 'Mario Donatone']"
8. Die Schöne und das Biest,1991,8.0,113,"['Animation', 'Family', 'Fantasy']",A prince cursed to spend his days as a hideous monster sets out to regain his humanity by earning a young woman's love.,['Gary Trousdale'],"[""Paige O'Hara"", 'Robby Benson', 'Jesse Corti', 'Rex Everhart', 'Angela Lansbury', 'Jerry Orbach', 'Bradley Pierce', 'David Ogden Stiers', 'Richard White', 'Jo Anne Worley', 'Mary Kay Bergman', 'Brian Cummings', 'Alvin Epstein', 'Tony Jay', 'Alec Murphy', 'Kimmy Robertson', 'Hal Smith', 'Kath Soucie']"
9. Total Recall - Die totale Erinnerung,1990,7.5,130,"['Action', 'Adventure', 'Sci-Fi']","When a man goes in to have virtual vacation memories of the planet Mars implanted in his mind, an unexpected and harrowing series of events forces him to go to the planet for real - or is he?",['Paul Verhoeven'],"['Arnold Schwarzenegger', 'Sharon Stone', 'Michael Ironside', 'Rachel Ticotin', 'Ronny Cox', 'Marshall Bell', 'Mel Johnson Jr.', 'Michael Champion', 'Roy Brocksmith', 'Ray Baker', 'Rosemary Dunsmore', 'David Knell', 'Alexia Robinson', 'Dean Norris', 'Mark Carlton', 'Debbie Lee Carrington', 'Lycia Naff', 'Robert Costanzo']"
10. Erbarmungslos,1992,8.2,103,"['Drama', 'Western']","Retired Old West gunslinger William Munny reluctantly takes on one last job, with the help of his old partner Ned Logan and a young man, The ""Schofield Kid.""",['Clint Eastwood'],"['Clint Eastwood', 'Gene Hackman', 'Morgan Freeman', 'Richard Harris', 'Jaimz Woolvett', 'Saul Rubinek', 'Frances Fisher', 'Anna Thomson', 'David Mucci', 'Rob Campbell', 'Anthony James', 'Tara Frederick', 'Beverley Elliott', 'Liisa Repo-Martell', 'Josie Smith', 'Shane Meier', 'Aline Levasseur', 'Cherrilene Cardinal']"
11. Kevin - Allein zu Haus,1990,7.7,130,"['Comedy', 'Family']","An eight-year-old troublemaker, mistakenly left home alone, must defend his home against a pair of burglars on Christmas Eve.",['Chris Columbus'],"['Macaulay Culkin', 'Joe Pesci', 'Daniel Stern', 'John Heard', 'Roberts Blossom', ""Catherine O'Hara"", 'Angela Goethals', 'Devin Ratray', 'Gerry Bamman', 'Hillary Wolf', 'John Candy', 'Larry Hankin', 'Michael C. Maronna', 'Kristin Minter', 'Diana Rein', 'Jedidiah Cohen', 'Kieran Culkin', 'Senta Moses']"
12. Thelma & Louise,1991,7.6,181,"['Adventure', 'Crime', 'Drama']","Two best friends set out on an adventure, but it soon turns around to a terrifying escape from being hunted by the police, as these two women escape for the crimes they committed.",['Ridley Scott'],"['Susan Sarandon', 'Geena Davis', 'Harvey Keitel', 'Michael Madsen', 'Christopher McDonald', 'Stephen Tobolowsky', 'Brad Pitt', 'Timothy Carhart', 'Lucinda Jenney', 'Jason Beghe', 'Sonny Carl Davis', 'Shelly Desai', 'Ken Swofford', 'Carol Mansell', 'Stephen Polk', 'Rob Roy Fitzgerald', 'Jack Lindine', 'Michael Doman']"
13. Der mit dem Wolf tanzt,1990,8.0,112,"['Adventure', 'Drama', 'Western']","Lieutenant John Dunbar, assigned to a remote western Civil War outpost, finds himself engaging with a neighbouring Sioux settlement, causing him to question his own purpose.",['Kevin Costner'],"['Kevin Costner', 'Mary McDonnell', 'Graham Greene', 'Rodney A. Grant', ""Floyd 'Red Crow' Westerman"", 'Tantoo Cardinal', 'Robert Pastorelli', 'Charles Rocket', 'Maury Chaykin', 'Jimmy Herman', 'Nathan Lee Chasing His Horse', 'Michael Spears', 'Jason R. Lone Hill', 'Tony Pierce', 'Doris Leader Charge', 'Tom Everett', 'Larry Joshua', 'Kirk Baltz']"
14. Der letzte Mohikaner,1992,7.7,90,"['Action', 'Adventure', 'Drama']",Three trappers protect the daughters of a British Colonel in the midst of the French and Indian War.,['Michael Mann'],"['Daniel Day-Lewis', 'Madeleine Stowe', 'Russell Means', 'Eric Schweig', 'Jodhi May', 'Steven Waddington', 'Wes Studi', 'Maurice Roëves', 'Patrice Chéreau', 'Edward Blatchford', 'Terry Kinney', 'Tracey Ellis', 'Justin M. Rice', 'Dennis Banks', 'Pete Postlethwaite', 'Colm Meaney', 'Mac Andrews', 'Malcolm Storry']"
15. Aladdin,1992,8.0,115,"['Animation', 'Adventure', 'Comedy']",A kind-hearted street urchin and a power-hungry Grand Vizier vie for a magic lamp that has the power to make their deepest wishes come true.,['Ron Clements'],"['Scott Weinger', 'Robin Williams', 'Linda Larkin', 'Jonathan Freeman', 'Frank Welker', 'Gilbert Gottfried', 'Douglas Seale', 'Charlie Adler', 'Jack Angel', 'Corey Burton', 'Philip L. Clarke', 'Jim Cummings', 'Jennifer Darling', 'Debi Derryberry', 'Bruce Gooch', 'Jerry Houser', 'Vera Lockwood', 'Sherry Lynn']"
16. Miller's Crossing,1990,7.7,135,"['Crime', 'Drama', 'Thriller']","Tom Reagan, an advisor to a Prohibition-era crime boss, tries to keep the peace between warring mobs but gets caught in divided loyalties.",['Joel Coen'],"['Gabriel Byrne', 'Albert Finney', 'John Turturro', 'Marcia Gay Harden', 'Jon Polito', 'J.E. Freeman', 'Mike Starr', 'Al Mancini', 'Richard Woods', 'Tom Toner', 'Steve Buscemi', 'Mario Todisco', 'Olek Krupa', 'Michael Jeter', 'Lanny Flaherty', 'Jeanette Kontomitras', 'Louis Charles Mounicou III', 'John McConnell']"
17. Jagd auf Roter Oktober,1990,7.5,112,"['Action', 'Adventure', 'Thriller']","In November 1984, the Soviet Union's best submarine captain violates orders and heads for the U.S. in a new undetectable sub. The American CIA and military must quickly determine: Is he trying to defect or to start a war?",['John McTiernan'],"['Sean Connery', 'Alec Baldwin', 'Scott Glenn', 'Sam Neill', 'James Earl Jones', 'Joss Ackland', 'Richard Jordan', 'Peter Firth', 'Tim Curry', 'Courtney B. Vance', 'Stellan Skarsgård', 'Jeffrey Jones', 'Timothy Carhart', 'Larry Ferguson', 'Fred Thompson', 'Daniel Davis', 'Ned Vaughn', 'Anthony Peck']"
18. Boyz n the Hood - Jungs im Viertel,1991,7.8,138,"['Crime', 'Drama']","Follows the lives of three young males living in the Crenshaw ghetto of Los Angeles, dissecting questions of race, relationships, violence, and future prospects.",['John Singleton'],"['Cuba Gooding Jr.', 'Laurence Fishburne', 'Hudhail Al-Amir', 'Lloyd Avery II', 'Angela Bassett', 'Miya McGhee', 'Lexie Bigham', 'Kenneth A. Brown', 'Nicole Brown', 'Ceal', 'Morris Chestnut', 'Darneicea Corley', 'John Cothran', 'Ice Cube', ""Na'Blonka Durden"", 'Susan Falcon', 'Jessie Lawrence Ferguson', 'Tyra Ferrell']"
19. Eine Frage der Ehre,1992,7.7,105,"['Drama', 'Thriller']",Military lawyer Lieutenant Daniel Kaffee defends Marines accused of murder. They contend they were acting under orders.,['Rob Reiner'],"['Tom Cruise', 'Jack Nicholson', 'Demi Moore', 'Kevin Bacon', 'Kiefer Sutherland', 'Kevin Pollak', 'James Marshall', 'J.T. Walsh', 'Christopher Guest', 'J.A. Preston', 'Matt Craven', 'Wolfgang Bodison', 'Xander Berkeley', 'John M. Jackson', 'Noah Wyle', 'Cuba Gooding Jr.', 'Lawrence Lowe', 'Joshua Malina']"
20. Edward mit den Scherenhänden,1990,7.9,156,"['Drama', 'Fantasy', 'Romance']",The solitary life of an artificial man - who was incompletely constructed and has scissors for hands - is upended when he is taken in by a suburban family.,['Tim Burton'],"['Johnny Depp', 'Winona Ryder', 'Dianne Wiest', 'Anthony Michael Hall', 'Kathy Baker', 'Robert Oliveri', 'Conchata Ferrell', 'Caroline Aaron', 'Dick Anthony Williams', 'O-Lan Jones', 'Vincent Price', 'Alan Arkin', 'Susan Blommaert', 'Linda Perri', 'John Davidson', 'Biff Yeager', 'Marti Greenberg', 'Bryan Larkin']"
21. Der Duft der Frauen,1992,8.0,107,['Drama'],"A prep school student needing money agrees to ""babysit"" a blind man, but the job is not at all what he anticipated.",['Martin Brest'],"['Al Pacino', ""Chris O'Donnell"", 'James Rebhorn', 'Gabrielle Anwar', 'Philip Seymour Hoffman', 'Richard Venture', 'Bradley Whitford', 'Rochelle Oliver', 'Margaret Eginton', 'Tom Riis Farrell', 'Nicholas Sadler', 'Todd Louiso', 'Matt Smith', 'Gene Canfield', 'Frances Conroy', 'June Squibb', 'Ron Eldard', 'Sally Murphy']"
22. Misery,1990,7.8,121,"['Drama', 'Thriller']","After a famous author is rescued from a car crash by a fan of his novels, he comes to realize that the care he is receiving is only the beginning of a nightmare of captivity and abuse.",['Rob Reiner'],"['James Caan', 'Kathy Bates', 'Richard Farnsworth', 'Frances Sternhagen', 'Lauren Bacall', 'Graham Jarvis', 'Jerry Potter', 'Thomas Brunelle', 'June Christopher', 'Julie Payne', 'Archie Hahn', 'Gregory Snegoff', 'Wendy Bowers', 'Misery the Pig', 'John Michael Quinn', 'Rob Reiner', 'J.T. Walsh', 'Jay Dee Witney']"
23. Zeit des Erwachens,1990,7.8,100,"['Biography', 'Drama']","The victims of an encephalitis epidemic many years ago have been catatonic ever since, but now a new drug offers the prospect of reviving them.",['Penny Marshall'],"['Robert De Niro', 'Robin Williams', 'Julie Kavner', 'Ruth Nelson', 'John Heard', 'Penelope Ann Miller', 'Alice Drummond', 'Judith Malina', 'Barton Heyman', 'George Martin', 'Anne Meara', 'Richard Libertini', 'Laura Esterman', 'Dexter Gordon', 'Jayne Haynes', 'Le Clanché du Rand', 'Yusef Bulos', 'Steven Randazzo']"
24. Glengarry Glen Ross,1992,7.7,189,"['Crime', 'Drama', 'Mystery']",An examination of the machinations behind the scenes at a real estate office.,['James Foley'],"['Al Pacino', 'Jack Lemmon', 'Alec Baldwin', 'Alan Arkin', 'Ed Harris', 'Kevin Spacey', 'Jonathan Pryce', 'Bruce Altman', 'Jude Ciccolella', 'Paul Butler', 'Lori Tan Chinn', 'Neal Jones', 'Barry Rohrssen', 'Leigh French', 'George Cheung', 'Murphy Dunne', 'Dana Lee', 'Julie Payne']"
25. JFK: Tatort Dallas,1991,8.0,118,"['Drama', 'History', 'Thriller']",New Orleans District Attorney Jim Garrison discovers there's more to the Kennedy assassination than the official story.,['Oliver Stone'],"['Kevin Costner', 'Gary Oldman', 'Jack Lemmon', 'Walter Matthau', 'Sally Kirkland', 'Anthony Ramirez', 'Gary Taggart', 'Ray LePere', 'Steve Reed', 'Jodie Farber', 'Columbia Dubose', 'Randy Means', 'Jay O. Sanders', 'E.J. Morris', 'Cheryl Penland', 'Jim Gough', 'Perry R. Russo', 'Mike Longman']"
26. Die Commitments,1991,7.6,94,"['Comedy', 'Drama', 'Music']","Jimmy Rabbitte, an unemployed Dublin boy, decides to put together a soul band made up entirely of the Irish working class.",['Alan Parker'],"['Robert Arkins', 'Michael Aherne', 'Angeline Ball', 'Maria Doyle Kennedy', 'Dave Finnegan', 'Bronagh Gallagher', 'Félim Gormley', 'Glen Hansard', 'Dick Massey', 'Johnny Murphy', 'Ken McCluskey', 'Andrew Strong', 'Colm Meaney', 'Anne Kent', 'Andrea Corr', 'Gerard Cassoni', 'Ruth Fairclough', 'Lindsay Fairclough']"
27. Braindead,1992,7.5,143,"['Comedy', 'Fantasy', 'Horror']","A young man's mother is bitten by a Sumatran rat-monkey. She gets sick and dies, at which time she comes back to life, killing and eating dogs, nurses, friends, and neighbors.",['Peter Jackson'],"['Timothy Balme', 'Diana Peñalver', 'Elizabeth Moody', 'Ian Watkin', 'Brenda Kendall', 'Stuart Devenie', 'Jed Brophy', 'Stephen Papps', 'Murray Keane', 'Glenis Levestam', 'Lewis Rowe', 'Elizabeth Mulfaxe', 'Harry Sinclair', 'Davina Whitehouse', 'Silvio Famularo', 'Brian Sergent', 'Peter Vere-Jones', 'Tina Regtien']"
28. Chaplin - Das Leben der unsterblichen Filmlegende,1992,7.5,115,"['Biography', 'Comedy', 'Drama']","An elderly Charlie Chaplin discusses his autobiography with his editor, recounting his amazing journey from his poverty-stricken childhood to world-wide success after the ingenious invention of the Little Tramp.",['Richard Attenborough'],"['Robert Downey Jr.', 'Geraldine Chaplin', 'Paul Rhys', 'John Thaw', 'Moira Kelly', 'Anthony Hopkins', 'Dan Aykroyd', 'Marisa Tomei', 'Penelope Ann Miller', 'Kevin Kline', 'Maria Pitillo', 'Milla Jovovich', 'Kevin Dunn', 'Deborah Moore', 'Diane Lane', 'Nancy Travis', 'James Woods', 'Hugh Downer']"
29. Von Mäusen und Menschen,1992,7.5,137,"['Drama', 'Western']","A nomadic farm worker looks after his dimwitted, gentle-giant friend during the Great Depression.",['Gary Sinise'],"['John Malkovich', 'Gary Sinise', 'Ray Walston', 'Casey Siemaszko', 'Sherilyn Fenn', 'John Terry', 'Richard Riehle', 'Alexis Arquette', 'Joe Morton', 'Noble Willingham', ""Joe D'Angerio"", 'Tuck Milligan', 'David Steen', 'Moira Sinise', 'Mark Boone Junior', 'Diane McGee', 'Donna Persico', 'Lori Romero']"
30. König der Fischer,1991,7.5,202,"['Comedy', 'Drama', 'Fantasy']","A former radio DJ, suicidally despondent because of a terrible mistake he made, finds redemption in helping a deranged homeless man who was an unwitting victim of that mistake.",['Terry Gilliam'],"['Jeff Bridges', 'Robin Williams', 'Adam Bryant', 'Paul Lombardi', 'David Hyde Pierce', 'Ted Ross', 'Lara Harris', 'Warren Olney', 'Frazer Smith', 'Mercedes Ruehl', 'Kathy Najimy', 'Harry Shearer', 'Melinda Culea', 'James Remini', 'Mark Bowden', 'John Ottavino', 'Brian Michaels', 'Jayce Bartok']"
31. Malcolm X,1992,7.7,124,"['Biography', 'Drama', 'History']","Biographical epic of the controversial and influential Black Nationalist leader, from his early life and career as a small-time gangster, to his ministry as a member of the Nation of Islam and his eventual assassination.",['Spike Lee'],"['Denzel Washington', 'Angela Bassett', 'Delroy Lindo', 'Spike Lee', 'Albert Hall', 'Al Freeman Jr.', 'Theresa Randle', 'Kate Vernon', 'Lonette McKee', 'Tommy Hollis', 'James McDaniel', 'Ernest Thomas', 'Jean-Claude La Marre', 'O.L. Duke', 'Larry McCoy', 'Maurice Sneed', 'Debi Mazar', 'Phyllis Yvonne Stickney']"
32. The Player,1992,7.5,238,"['Comedy', 'Crime', 'Drama']","A Hollywood studio executive is being sent death threats by a writer whose script he rejected, but which one?",['Robert Altman'],"['Tim Robbins', 'Greta Scacchi', 'Fred Ward', 'Whoopi Goldberg', 'Peter Gallagher', 'Brion James', 'Cynthia Stevenson', ""Vincent D'Onofrio"", 'Dean Stockwell', 'Richard E. Grant', 'Sydney Pollack', 'Lyle Lovett', 'Dina Merrill', 'Angela Hall', 'Leah Ayres', 'Paul Hewitt', 'Randall Batinkoff', 'Jeremy Piven']"
33. Die schöne Querulantin,1991,7.5,116,['Drama'],"The former famous painter Frenhofer revisits an abandoned project using the girlfriend of a young visiting artist. Questions about truth, life, and artistic limits are explored.",['Jacques Rivette'],"['Michel Piccoli', 'Jane Birkin', 'Emmanuelle Béart', 'Marianne Denicourt', 'David Bursztein', 'Gilles Arbona', 'Marie Belluc', 'Marie-Claude Roger', 'Leïla Remili', 'Daphne Goodfellow', 'Susan Robertson', 'Bernard Dufour']"
34. Barton Fink,1991,7.6,94,"['Comedy', 'Drama', 'Thriller']",A renowned New York playwright is enticed to California to write for the movies and discovers the hellish truth of Hollywood.,['Joel Coen'],"['John Turturro', 'John Goodman', 'Judy Davis', 'Michael Lerner', 'John Mahoney', 'Tony Shalhoub', 'Jon Polito', 'Steve Buscemi', 'David Warrilow', 'Richard Portnow', 'Christopher Murney', 'I.M. Hobson', 'Meagen Fay', 'Lance Davis', 'Harry Bugin', 'Anthony Gordon', 'Jack Denbo', 'Max Grodénchik']"
35. Porco Rosso,1992,7.7,99,"['Animation', 'Adventure', 'Comedy']","In 1930s Italy, a veteran World War I pilot is cursed to look like an anthropomorphic pig.",['Hayao Miyazaki'],"['Shûichirô Moriyama', 'Tokiko Katô', 'Bunshi Katsura VI', 'Tsunehiko Kamijô', 'Akemi Okamura', 'Akio Ôtsuka', 'Hiroko Seki', 'Reizô Nomoto', 'Osamu Saka', 'Yû Shimaka', 'Mahito Tsujimura', 'Minoru Yada', 'Michael Keaton', 'Cary Elwes', 'Kimberly Williams-Paisley', 'Susan Egan', 'David Ogden Stiers', 'Brad Garrett']"
36. Delicatessen,1991,7.5,129,"['Comedy', 'Crime']",Post-apocalyptic surrealist black comedy about the landlord of an apartment building who occasionally prepares a delicacy for his odd tenants.,['Marc Caro'],"['Marie-Laure Dougnac', 'Dominique Pinon', 'Pascal Benezech', 'Jean-Claude Dreyfus', 'Karin Viard', 'Ticky Holgado', 'Anne-Marie Pisani', 'Boban Janevski', 'Mikael Todde', 'Edith Ker', 'Rufus', 'Jacques Mathou', 'Howard Vernon', 'Chick Ortega', 'Silvie Laguna', 'Jean-François Perrier', 'Dominique Zardi', 'Patrick Paroux']"
37. Night on Earth,1991,7.7,128,"['Comedy', 'Drama']",An anthology of 5 different cab drivers in 5 American and European cities and their remarkable fares on the same eventful night.,['Jim Jarmusch'],"['Winona Ryder', 'Gena Rowlands', 'Lisanne Falk', 'Alan Randolph Scott', 'Anthony Portillo', 'Armin Mueller-Stahl', 'Giancarlo Esposito', 'Rosie Perez', 'Richard Boes', 'Isaach De Bankolé', 'Béatrice Dalle', ""Pascal N'Zonzi"", ""Emile Abossolo M'bo"", 'Stéphane Boucher', 'Noel Kaufmann', 'Roberto Benigni', 'Paolo Bonacelli', 'Gianni Schettino']"
38. Hard Boiled,1992,7.7,237,"['Action', 'Crime', 'Thriller']",A tough-as-nails cop teams up with an undercover agent to shut down a sinister mobster and his crew.,['John Woo'],"['Chow Yun-Fat', 'Tony Leung Chiu-wai', 'Teresa Mo', 'Philip Chan', 'Phillip Chung-Fung Kwok', 'Anthony Chau-Sang Wong', 'Hoi-San Kwan', 'Wei Tung', 'Bowie Lam', 'Meng Lo', 'Bobbie Au-Yeung', 'Shui-Ting Ng', 'Kong Lau', 'Wai-Sun Lam', 'Benny Lam', 'Kenny Lam', 'Michael Dingo', 'Hoi-Shan Lai']"
39. Ein Sommer zum Verlieben,1991,8.2,98,"['Crime', 'Drama', 'Romance']","Based on a true story, primarily on a conflict between two youth gangs, a 14-year-old boy's girlfriend conflicts with the head of one gang for an unclear reason, until finally the conflict comes to a violent climax.",['Edward Yang'],"['Chang Chen', 'Lisa Yang', 'Kuo-Chu Chang', 'Elaine Jin', 'Chuan Wang', 'Han Chang', 'Hsiu-Chiung Chiang', 'Stephanie Lai', 'Chi-tsan Wang', 'Lawrence Ko', 'Chih-Kang Tan', 'Ming-Hsin Chang', 'Chun-Lung Jung', 'Hui-Kuo Chou', 'Ching-Chi Liu', 'Ching-Hsiang Ho', 'Chang-Ta Tsai', 'Tsung-Ming Lee']"
40. Die zwei Leben der Veronika,1991,7.7,119,"['Drama', 'Fantasy', 'Music']","Two parallel stories about two identical women; one living in Poland, the other in France. They don't know each other, but their lives are nevertheless profoundly connected.",['Krzysztof Kieslowski'],"['Irène Jacob', 'Wladyslaw Kowalski', 'Halina Gryglaszewska', 'Kalina Jedrusik', 'Aleksander Bardini', 'Jerzy Gudejko', 'Janusz Sterninski', 'Philippe Volter', 'Sandrine Dumas', 'Louis Ducreux', 'Claude Duneton', 'Lorraine Evanoff', 'Guillaume de Tonquédec', 'Gilles Gaston-Dreyfus', 'Alain Frérot', 'Youssef Hamid', 'Thierry de Carbonnières', 'Chantal Neuwirth']"
41. Tränen der Erinnerung,1991,7.6,119,"['Animation', 'Drama', 'Romance']",A twenty-seven-year-old office worker travels to the countryside while reminiscing about her childhood in Tokyo.,['Isao Takahata'],"['Miki Imai', 'Toshirô Yanagiba', 'Yoko Honna', 'Mayumi Izuka', 'Mei Oshitani', 'Megumi Komine', 'Yukiyo Takizawa', 'Masashi Ishikawa', 'Yuuki Masuda', 'Michie Terada', 'Masahiro Ito', 'Yorie Yamashita', 'Yuki Minowa', 'Chie Kitagawa', 'Koji Goto', 'Sachiko Ishikawa', 'Masako Watanabe', 'Masako Watanabe']"
42. Akira Kurosawas Träume,1990,7.7,121,"['Drama', 'Fantasy']",A collection of tales based upon eight of director Akira Kurosawa's recurring dreams.,['Akira Kurosawa'],"['Akira Terao', 'Mitsuko Baishô', 'Toshie Negishi', 'Mieko Harada', 'Mitsunori Isaki', 'Toshihiko Nakano', 'Yoshitaka Zushi', 'Hisashi Igawa', 'Chôsuke Ikariya', 'Chishû Ryû', 'Martin Scorsese', 'Masayuki Yui', 'Tessho Yamashita', 'Misato Tate', 'Catherine Cadou', 'Mieko Suzuki', 'Mugita Endo', 'Ryûjirô Oki']"
43. The Five Heartbeats,1991,7.5,125,"['Drama', 'Music']",The story of the rise and fall of an African American vocal group.,['Robert Townsend'],"['Robert Townsend', 'Michael Wright', 'Leon', 'Harry Lennix', 'Tico Wells', 'Diahann Carroll', 'Harold Nicholas', 'Tressa Thomas', 'John Canada Terrell', 'Chuck Patterson', 'Hawthorne James', 'Roy Fegan', 'Troy Byer', 'Carla Brothers', 'Deborah Lacey', 'Theresa Randle', 'John Witherspoon', 'Anne-Marie Johnson']"
44. Rote Laterne,1991,8.1,98,"['Drama', 'Romance']","China in the 1920s. After her father's death, Songlian is forced to marry the wealthy Master Chen. With three wives already, each living in a separate house, there is fierce competition for his attention and the privileges that are gained.",['Yimou Zhang'],"['Gong Li', 'Jingwu Ma', 'Saifei He', 'Cuifen Cao', 'Qi Zhao', 'Lin Kong', 'Shuyuan Jin', 'Weimin Ding', 'Zengyin Cao', 'Zhigang Cui', 'Chu Xiao', 'Espérance Pham Thai Lan']"
45. Close Up,1990,8.2,137,"['Biography', 'Crime', 'Drama']","The true story of Hossain Sabzian, a cinephile who impersonated the director Mohsen Makhmalbaf to convince a family they would star in his so-called new film.",['Abbas Kiarostami'],"['Hossain Sabzian', 'Mohsen Makhmalbaf', 'Abolfazl Ahankhah', 'Mehrdad Ahankhah', 'Nayer Mohseni Zonoozi', 'Ahmad Reza Moayed Mohseni', 'Hossain Farazmand', 'Mahrokh Ahankhah', 'Monoochehr Ahankhah', 'Haj Ali Reza Ahmadi', 'Mohammad Ali Barrati', 'Davood Goodarzi', 'Abbas Kiarostami', 'Hassan Komaili', 'Davood Mohabbat', 'Hooshang Shamaei']"
46. Cyrano von Bergerac,1990,7.5,96,"['Comedy', 'Drama', 'History']","Famed swordsman and poet Cyrano de Bergerac is in love with his cousin Roxane. He has never expressed his love for her as he his large nose undermines his self-confidence. Then he finds a way to express his love to her, indirectly.",['Jean-Paul Rappeneau'],"['Gérard Depardieu', 'Anne Brochet', 'Vincent Perez', 'Jacques Weber', 'Roland Bertin', 'Philippe Morier-Genoud', 'Pierre Maguelon', 'Josiane Stoléru', 'Anatole Delalande', 'Alain Rimoux', 'Philippe Volter', 'Jean-Marie Winling', 'Louis Navarre', 'Gabriel Monnet', 'François Marié', 'Pierre Triboulet', 'Baptiste Roussillon', 'Christian Roy']"
47. Baraka,1992,8.5,78,['Documentary'],A collection of expertly photographed scenes of human life and religion.,['Ron Fricke'],['Patrick Disanto']
48. Paris brennt,1990,8.2,112,['Documentary'],"A chronicle of New York's drag scene in the 1980s, focusing on balls, voguing and the ambitions and dreams of those who gave the era its warmth and vitality.",['Jennie Livingston'],"['Brooke Xtravaganza', 'André Christian', 'Dorian Corey', 'Paris Duprée', 'Pepper LaBeija', 'Junior LaBeija', 'Willi Ninja', 'Sandy Ninja', 'Kim Pendavis', 'Freddie Pendavis', 'Sol Pendavis', 'Avis Pendavis', 'Octavia St. Laurent', 'Stevie Saint Laurent', 'Anji Xtravaganza', 'Bianca Xtravaganza', 'Danny Xtravaganza', 'David Xtravaganza']"
49. Europa,1991,7.5,96,"['Crime', 'Drama', 'Thriller']","Just after World War II, an American takes a railway job in Germany, but finds his position politically sensitive with various people trying to use him.",['Lars von Trier'],"['Barbara Sukowa', 'Jean-Marc Barr', 'Udo Kier', 'Ernst-Hugo Järegård', 'Erik Mørk', 'Jørgen Reenberg', 'Henning Jensen', 'Eddie Constantine', 'Max von Sydow', 'Benny Poulsen', 'Erno Müller', 'Dietrich Kuhlbrodt', 'Michael Phillip Simpson', 'Holger Perfort', 'Anne Werner Thomsen', 'Hardy Rafn', 'Cæcilia Holbek Trier', 'János Herskó']"
50. Reise ins Herz der Finsternis,1991,8.1,98,['Documentary'],"Documentary that chronicles how Francis Ford Coppola's Apocalypse Now (1979) was plagued by extraordinary script, shooting, budget, and casting problems--nearly destroying the life and career of the celebrated director.",['Fax Bahr'],"['Dennis Hopper', 'Martin Sheen', 'Marlon Brando', 'George Lucas', 'Eleanor Coppola', 'John Milius', 'Francis Ford Coppola', 'Tom Sternberg', 'Dean Tavoularis', 'Fred Roos', 'Vittorio Storaro', 'Robert Duvall', 'Laurence Fishburne', 'Rona Barrett', 'Tom Snyder', 'Sam Bottoms', 'Monty Cox', 'Frederic Forrest']"
